order_id,order_date,region,product_category,units,unit_price,revenue
ORD00001,2024-06-14,South,Grocery,2,1319,2638
ORD00002,2024-10-01,North,Home & Kitchen,9,4787,43083
ORD00003,2024-04-19,North,Electronics,2,20364,40728
ORD00004,2024-05-03,North,Beauty,10,1572,15720
ORD00005,2024-03-04,South,Beauty,10,3325,33250
ORD00006,2024-10-26,West,Electronics,1,43967,43967
ORD00007,2024-10-12,South,Home & Kitchen,9,3527,31743
ORD00008,2024-03-01,East,Beauty,3,2884,8652
ORD00009,2024-02-22,South,Home & Kitchen,12,1050,12600
ORD00010,2024-02-02,North,Beauty,11,840,9240
ORD00011,2024-09-29,West,Home & Kitchen,8,3885,31080
ORD00012,2024-07-04,East,Apparel,12,3260,39120
ORD00013,2024-05-04,North,Beauty,8,1156,9248
ORD00014,2024-06-24,West,Home & Kitchen,2,4989,9978
ORD00015,2024-03-01,West,Apparel,3,3126,9378
ORD00016,2024-09-07,West,Electronics,2,43348,86696
ORD00017,2024-10-12,East,Home & Kitchen,10,5654,56540
ORD00018,2024-09-11,West,Electronics,5,38039,190195
ORD00019,2024-08-30,North,Electronics,5,33305,166525
ORD00020,2024-11-27,West,Home & Kitchen,11,5818,63998
ORD00021,2024-06-26,North,Grocery,10,743,7430
ORD00022,2024-02-29,West,Electronics,5,10992,54960
ORD00023,2024-03-07,South,Grocery,8,812,6496
ORD00024,2024-02-11,South,Grocery,5,833,4165
ORD00025,2024-03-11,West,Beauty,7,1083,7581
ORD00026,2024-07-02,West,Apparel,3,943,2829
ORD00027,2024-03-18,South,Apparel,10,443,4430
ORD00028,2024-04-03,East,Home & Kitchen,7,332,2324
ORD00029,2024-09-30,East,Beauty,3,2047,6141
ORD00030,2024-12-19,North,Grocery,11,1804,19844
ORD00031,2024-10-13,West,Grocery,2,828,1656
ORD00032,2024-09-03,West,Electronics,4,9792,39168
ORD00033,2024-08-13,South,Electronics,1,16292,16292
ORD00034,2024-02-22,North,Beauty,2,657,1314
ORD00035,2024-07-05,North,Electronics,10,39533,395330
ORD00036,2024-07-11,South,Home & Kitchen,10,7657,76570
ORD00037,2024-07-05,West,Electronics,8,6518,52144
ORD00038,2024-08-26,West,Grocery,3,658,1974
ORD00039,2024-02-22,East,Home & Kitchen,12,3985,47820
ORD00040,2024-03-23,North,Apparel,9,3824,34416
ORD00041,2024-07-04,South,Beauty,9,3212,28908
ORD00042,2024-06-01,North,Home & Kitchen,3,4292,12876
ORD00043,2024-07-01,South,Beauty,9,1964,17676
ORD00044,2024-06-17,South,Beauty,4,2869,11476
ORD00045,2024-05-02,West,Apparel,8,1120,8960
ORD00046,2024-07-01,North,Electronics,8,35870,286960
ORD00047,2024-05-12,South,Beauty,8,3354,26832
ORD00048,2024-06-27,East,Electronics,4,11090,44360
ORD00049,2024-08-28,South,Home & Kitchen,10,1874,18740
ORD00050,2024-11-08,North,Grocery,6,1823,10938
ORD00051,2024-11-25,North,Electronics,12,41075,492900
ORD00052,2024-04-12,West,Apparel,11,1962,21582
ORD00053,2024-06-19,North,Grocery,12,953,11436
ORD00054,2024-02-13,South,Apparel,1,3975,3975
ORD00055,2024-03-18,West,Apparel,10,2602,26020
ORD00056,2024-08-30,East,Apparel,3,2375,7125
ORD00057,2024-01-11,North,Electronics,3,24406,73218
ORD00058,2024-08-10,South,Apparel,4,501,2004
ORD00059,2024-05-29,South,Beauty,9,1242,11178
ORD00060,2024-08-02,South,Electronics,6,41086,246516
ORD00061,2024-08-22,West,Beauty,3,588,1764
ORD00062,2024-09-25,North,Grocery,10,1564,15640
ORD00063,2024-01-03,South,Apparel,10,910,9100
ORD00064,2024-03-02,North,Home & Kitchen,9,5554,49986
ORD00065,2024-10-11,West,Electronics,1,39920,39920
ORD00066,2024-05-07,South,Home & Kitchen,2,625,1250
ORD00067,2024-09-16,West,Beauty,2,243,486
ORD00068,2024-08-14,East,Beauty,10,3411,34110
ORD00069,2024-09-19,South,Home & Kitchen,9,3783,34047
ORD00070,2024-09-01,South,Beauty,5,3086,15430
ORD00071,2024-10-13,South,Grocery,2,317,634
ORD00072,2024-07-19,West,Home & Kitchen,4,859,3436
ORD00073,2024-08-07,North,Apparel,2,2810,5620
ORD00074,2024-03-20,East,Apparel,3,1311,3933
ORD00075,2024-08-27,South,Electronics,8,18824,150592
ORD00076,2024-03-24,South,Apparel,9,2943,26487
ORD00077,2024-07-25,East,Grocery,6,432,2592
ORD00078,2024-02-17,East,Electronics,8,16202,129616
ORD00079,2024-08-13,North,Grocery,10,696,6960
ORD00080,2024-05-31,North,Electronics,4,44351,177404
ORD00081,2024-02-23,North,Home & Kitchen,3,2394,7182
ORD00082,2024-05-18,South,Grocery,11,1707,18777
ORD00083,2024-05-12,West,Apparel,9,2332,20988
ORD00084,2024-10-19,West,Home & Kitchen,1,989,989
ORD00085,2024-12-18,South,Grocery,5,1796,8980
ORD00086,2024-01-09,North,Home & Kitchen,4,945,3780
ORD00087,2024-02-04,East,Electronics,6,21239,127434
ORD00088,2024-10-10,West,Home & Kitchen,1,5087,5087
ORD00089,2024-09-26,South,Electronics,5,43661,218305
ORD00090,2024-01-26,South,Apparel,11,3756,41316
ORD00091,2024-06-05,South,Home & Kitchen,11,3732,41052
ORD00092,2024-04-01,East,Home & Kitchen,5,6488,32440
ORD00093,2024-01-19,North,Electronics,9,33389,300501
ORD00094,2024-04-07,West,Apparel,2,3765,7530
ORD00095,2024-12-03,West,Grocery,7,1115,7805
ORD00096,2024-09-16,East,Apparel,6,3937,23622
ORD00097,2024-04-11,South,Grocery,1,1979,1979
ORD00098,2024-03-07,North,Electronics,5,28707,143535
ORD00099,2024-08-08,South,Electronics,7,5175,36225
ORD00100,2024-09-16,East,Beauty,5,961,4805
ORD00101,2024-01-24,West,Apparel,8,967,7736
ORD00102,2024-01-02,East,Home & Kitchen,9,7706,69354
ORD00103,2024-06-14,South,Electronics,5,43507,217535
ORD00104,2024-04-21,East,Apparel,7,404,2828
ORD00105,2024-02-12,West,Home & Kitchen,4,4171,16684
ORD00106,2024-05-07,North,Electronics,2,12991,25982
ORD00107,2024-03-14,West,Beauty,1,290,290
ORD00108,2024-06-02,East,Apparel,9,704,6336
ORD00109,2024-03-20,West,Home & Kitchen,8,5849,46792
ORD00110,2024-03-17,East,Beauty,1,2305,2305
ORD00111,2024-09-19,West,Beauty,9,617,5553
ORD00112,2024-09-15,North,Beauty,12,2823,33876
ORD00113,2024-12-15,South,Electronics,3,2855,8565
ORD00114,2024-11-22,East,Electronics,8,17883,143064
ORD00115,2024-10-12,North,Electronics,11,28741,316151
ORD00116,2024-05-05,West,Home & Kitchen,2,326,652
ORD00117,2024-09-14,North,Beauty,12,371,4452
ORD00118,2024-08-30,East,Electronics,4,38307,153228
ORD00119,2024-04-15,South,Grocery,7,1013,7091
ORD00120,2024-02-09,West,Home & Kitchen,10,6206,62060
ORD00121,2024-11-19,South,Electronics,6,27587,165522
ORD00122,2024-05-10,East,Beauty,1,2052,2052
ORD00123,2024-09-03,North,Grocery,11,574,6314
ORD00124,2024-02-20,South,Grocery,9,617,5553
ORD00125,2024-05-26,West,Grocery,2,959,1918
ORD00126,2024-10-08,South,Home & Kitchen,8,7832,62656
ORD00127,2024-01-09,East,Grocery,9,199,1791
ORD00128,2024-08-18,East,Grocery,4,459,1836
ORD00129,2024-02-08,North,Apparel,5,3091,15455
ORD00130,2024-07-03,South,Beauty,9,2898,26082
ORD00131,2024-05-23,North,Home & Kitchen,8,2082,16656
ORD00132,2024-07-20,North,Apparel,8,413,3304
ORD00133,2024-12-14,West,Grocery,3,639,1917
ORD00134,2024-08-01,East,Grocery,6,666,3996
ORD00135,2024-01-01,East,Home & Kitchen,2,6761,13522
ORD00136,2024-04-10,North,Home & Kitchen,2,2250,4500
ORD00137,2024-07-20,West,Beauty,7,406,2842
ORD00138,2024-05-20,North,Home & Kitchen,11,1083,11913
ORD00139,2024-05-26,South,Apparel,7,3896,27272
ORD00140,2024-09-18,East,Apparel,7,3183,22281
ORD00141,2024-01-15,West,Beauty,12,1990,23880
ORD00142,2024-02-11,North,Grocery,3,929,2787
ORD00143,2024-11-25,East,Grocery,9,146,1314
ORD00144,2024-03-06,South,Grocery,5,859,4295
ORD00145,2024-06-01,East,Home & Kitchen,4,3428,13712
ORD00146,2024-06-03,West,Beauty,2,2391,4782
ORD00147,2024-03-26,South,Electronics,8,10542,84336
ORD00148,2024-10-08,South,Grocery,8,1817,14536
ORD00149,2024-08-06,South,Beauty,2,795,1590
ORD00150,2024-03-30,East,Beauty,4,455,1820
ORD00151,2024-07-07,East,Beauty,1,827,827
ORD00152,2024-07-30,West,Grocery,4,1504,6016
ORD00153,2024-07-11,East,Home & Kitchen,8,6091,48728
ORD00154,2024-05-22,East,Apparel,9,2872,25848
ORD00155,2024-11-18,South,Electronics,4,13289,53156
ORD00156,2024-07-15,West,Grocery,5,892,4460
ORD00157,2024-01-12,South,Electronics,8,19996,159968
ORD00158,2024-10-27,West,Electronics,9,4681,42129
ORD00159,2024-08-27,West,Apparel,4,3219,12876
ORD00160,2024-03-20,South,Beauty,2,3406,6812
ORD00161,2024-12-24,West,Electronics,1,25490,25490
ORD00162,2024-01-01,South,Apparel,1,2450,2450
ORD00163,2024-11-26,East,Apparel,9,2655,23895
ORD00164,2024-11-21,West,Electronics,5,5826,29130
ORD00165,2024-09-25,South,Grocery,10,559,5590
ORD00166,2024-01-01,North,Beauty,8,1160,9280
ORD00167,2024-05-22,East,Apparel,4,2111,8444
ORD00168,2024-10-07,South,Electronics,12,43287,519444
ORD00169,2024-11-28,East,Electronics,8,2448,19584
ORD00170,2024-12-11,West,Electronics,11,12691,139601
ORD00171,2024-08-05,East,Apparel,12,2175,26100
ORD00172,2024-06-22,West,Home & Kitchen,4,5556,22224
ORD00173,2024-01-04,East,Beauty,8,376,3008
ORD00174,2024-04-12,East,Apparel,4,1231,4924
ORD00175,2024-05-15,East,Electronics,8,42909,343272
ORD00176,2024-11-08,South,Apparel,11,2146,23606
ORD00177,2024-01-29,South,Grocery,1,156,156
ORD00178,2024-11-01,South,Grocery,1,151,151
ORD00179,2024-04-04,West,Grocery,6,1801,10806
ORD00180,2024-02-27,North,Apparel,3,1585,4755
ORD00181,2024-11-30,West,Electronics,12,15064,180768
ORD00182,2024-07-12,East,Home & Kitchen,2,3707,7414
ORD00183,2024-01-02,North,Home & Kitchen,7,922,6454
ORD00184,2024-03-04,South,Grocery,5,745,3725
ORD00185,2024-08-09,North,Electronics,4,32179,128716
ORD00186,2024-07-09,West,Apparel,12,1564,18768
ORD00187,2024-08-30,North,Grocery,11,534,5874
ORD00188,2024-07-26,North,Grocery,2,118,236
ORD00189,2024-02-01,East,Apparel,10,3090,30900
ORD00190,2024-06-22,East,Home & Kitchen,10,2879,28790
ORD00191,2024-01-23,East,Home & Kitchen,5,7417,37085
ORD00192,2024-01-02,North,Electronics,2,37432,74864
ORD00193,2024-08-31,West,Grocery,7,1590,11130
ORD00194,2024-09-09,South,Grocery,12,407,4884
ORD00195,2024-06-04,South,Beauty,6,941,5646
ORD00196,2024-08-23,East,Beauty,4,415,1660
ORD00197,2024-07-19,South,Apparel,11,1868,20548
ORD00198,2024-01-18,West,Beauty,3,1974,5922
ORD00199,2024-08-06,North,Electronics,2,13023,26046
ORD00200,2024-04-16,North,Grocery,12,1022,12264
ORD00201,2024-08-16,South,Apparel,8,879,7032
ORD00202,2024-11-13,South,Beauty,11,2987,32857
ORD00203,2024-03-03,East,Home & Kitchen,5,2451,12255
ORD00204,2024-07-09,East,Home & Kitchen,4,1834,7336
ORD00205,2024-04-05,South,Apparel,10,952,9520
ORD00206,2024-04-06,East,Electronics,4,18729,74916
ORD00207,2024-09-16,South,Electronics,1,29920,29920
ORD00208,2024-02-22,North,Grocery,4,1772,7088
ORD00209,2024-08-17,East,Electronics,4,39644,158576
ORD00210,2024-03-02,North,Apparel,10,2562,25620
ORD00211,2024-04-09,North,Home & Kitchen,3,4248,12744
ORD00212,2024-08-17,East,Electronics,10,6101,61010
ORD00213,2024-12-29,East,Apparel,6,535,3210
ORD00214,2024-03-13,North,Apparel,1,4000,4000
ORD00215,2024-11-02,South,Electronics,7,37119,259833
ORD00216,2024-12-13,East,Apparel,2,2636,5272
ORD00217,2024-04-14,North,Grocery,2,1119,2238
ORD00218,2024-07-27,North,Grocery,3,1345,4035
ORD00219,2024-11-23,North,Apparel,5,1832,9160
ORD00220,2024-07-28,East,Home & Kitchen,1,3517,3517
ORD00221,2024-06-08,East,Grocery,6,862,5172
ORD00222,2024-11-25,South,Grocery,4,1470,5880
ORD00223,2024-01-04,West,Apparel,2,1926,3852
ORD00224,2024-07-26,East,Grocery,3,1557,4671
ORD00225,2024-01-08,North,Beauty,7,627,4389
ORD00226,2024-02-15,East,Beauty,6,725,4350
ORD00227,2024-05-25,South,Beauty,2,725,1450
ORD00228,2024-02-25,West,Grocery,4,1519,6076
ORD00229,2024-06-03,South,Electronics,8,43936,351488
ORD00230,2024-06-10,North,Beauty,7,3253,22771
ORD00231,2024-02-14,South,Apparel,10,2636,26360
ORD00232,2024-04-10,West,Apparel,1,2436,2436
ORD00233,2024-07-23,South,Grocery,3,750,2250
ORD00234,2024-05-06,South,Electronics,11,39948,439428
ORD00235,2024-01-20,East,Electronics,8,18458,147664
ORD00236,2024-10-08,East,Grocery,4,651,2604
ORD00237,2024-08-05,West,Home & Kitchen,8,3740,29920
ORD00238,2024-04-01,North,Electronics,8,28422,227376
ORD00239,2024-08-26,South,Grocery,8,1539,12312
ORD00240,2024-04-01,West,Grocery,3,259,777
ORD00241,2024-07-02,West,Home & Kitchen,8,1006,8048
ORD00242,2024-09-15,North,Electronics,2,29185,58370
ORD00243,2024-06-09,North,Electronics,7,34215,239505
ORD00244,2024-11-30,South,Electronics,10,38783,387830
ORD00245,2024-12-20,North,Apparel,8,874,6992
ORD00246,2024-05-27,South,Apparel,6,636,3816
ORD00247,2024-11-08,East,Apparel,10,1566,15660
ORD00248,2024-05-20,West,Apparel,8,1315,10520
ORD00249,2024-04-16,East,Beauty,6,1845,11070
ORD00250,2024-07-09,North,Apparel,3,1056,3168
ORD00251,2024-11-21,East,Home & Kitchen,3,7195,21585
ORD00252,2024-05-15,North,Beauty,6,313,1878
ORD00253,2024-08-19,North,Home & Kitchen,11,7946,87406
ORD00254,2024-07-20,East,Home & Kitchen,6,3193,19158
ORD00255,2024-10-22,South,Home & Kitchen,2,2847,5694
ORD00256,2024-08-14,South,Apparel,1,2615,2615
ORD00257,2024-05-31,East,Home & Kitchen,10,5222,52220
ORD00258,2024-12-05,East,Electronics,4,34000,136000
ORD00259,2024-03-17,East,Beauty,7,2246,15722
ORD00260,2024-09-19,East,Electronics,4,7243,28972
ORD00261,2024-11-09,North,Electronics,10,3866,38660
ORD00262,2024-06-30,East,Electronics,9,24254,218286
ORD00263,2024-04-24,West,Beauty,3,1159,3477
ORD00264,2024-04-14,East,Beauty,3,2925,8775
ORD00265,2024-03-09,North,Apparel,8,2947,23576
ORD00266,2024-02-19,North,Apparel,5,3537,17685
ORD00267,2024-07-24,East,Electronics,9,3942,35478
ORD00268,2024-06-28,West,Beauty,12,3289,39468
ORD00269,2024-09-09,South,Apparel,1,3653,3653
ORD00270,2024-02-01,North,Grocery,3,412,1236
ORD00271,2024-01-30,North,Electronics,11,28150,309650
ORD00272,2024-04-10,South,Grocery,10,439,4390
ORD00273,2024-11-25,West,Beauty,5,735,3675
ORD00274,2024-02-02,East,Electronics,12,44742,536904
ORD00275,2024-09-01,North,Grocery,12,1697,20364
ORD00276,2024-08-26,North,Grocery,2,392,784
ORD00277,2024-05-13,South,Electronics,12,6862,82344
ORD00278,2024-12-21,East,Electronics,9,13070,117630
ORD00279,2024-12-13,West,Beauty,5,3406,17030
ORD00280,2024-11-24,South,Electronics,1,39782,39782
ORD00281,2024-03-27,East,Apparel,4,3430,13720
ORD00282,2024-03-22,East,Apparel,6,3569,21414
ORD00283,2024-11-03,South,Grocery,11,1820,20020
ORD00284,2024-12-20,West,Grocery,12,1687,20244
ORD00285,2024-01-04,North,Grocery,4,1914,7656
ORD00286,2024-10-19,East,Apparel,10,1810,18100
ORD00287,2024-02-09,South,Apparel,2,518,1036
ORD00288,2024-02-24,South,Home & Kitchen,12,7826,93912
ORD00289,2024-01-15,North,Electronics,11,7520,82720
ORD00290,2024-11-20,North,Electronics,2,33550,67100
ORD00291,2024-10-29,East,Apparel,9,3343,30087
ORD00292,2024-12-06,North,Grocery,4,259,1036
ORD00293,2024-04-14,North,Electronics,11,2998,32978
ORD00294,2024-02-14,East,Grocery,2,245,490
ORD00295,2024-11-26,South,Home & Kitchen,7,2757,19299
ORD00296,2024-05-13,North,Home & Kitchen,5,2277,11385
ORD00297,2024-01-25,East,Home & Kitchen,10,6223,62230
ORD00298,2024-09-14,West,Home & Kitchen,1,5061,5061
ORD00299,2024-07-30,North,Grocery,2,1061,2122
ORD00300,2024-06-26,West,Electronics,4,24898,99592
ORD00301,2024-02-16,East,Apparel,9,1970,17730
ORD00302,2024-04-13,East,Electronics,8,1690,13520
ORD00303,2024-02-18,West,Apparel,10,3882,38820
ORD00304,2024-06-26,East,Beauty,5,3312,16560
ORD00305,2024-04-19,South,Grocery,11,373,4103
ORD00306,2024-02-11,West,Beauty,11,2786,30646
ORD00307,2024-06-16,East,Electronics,7,18955,132685
ORD00308,2024-02-14,West,Electronics,5,17680,88400
ORD00309,2024-05-14,West,Beauty,7,1829,12803
ORD00310,2024-11-18,South,Grocery,10,297,2970
ORD00311,2024-12-18,North,Home & Kitchen,9,4778,43002
ORD00312,2024-03-20,West,Beauty,3,2636,7908
ORD00313,2024-08-25,West,Home & Kitchen,3,4760,14280
ORD00314,2024-06-20,West,Apparel,5,2228,11140
ORD00315,2024-06-03,South,Apparel,12,3909,46908
ORD00316,2024-06-16,East,Apparel,4,1250,5000
ORD00317,2024-05-12,North,Apparel,2,3865,7730
ORD00318,2024-04-10,West,Apparel,5,3942,19710
ORD00319,2024-06-01,West,Home & Kitchen,11,1811,19921
ORD00320,2024-02-24,East,Apparel,8,3587,28696
ORD00321,2024-01-18,North,Grocery,7,1716,12012
ORD00322,2024-12-21,South,Beauty,5,3436,17180
ORD00323,2024-08-25,North,Apparel,12,1326,15912
ORD00324,2024-07-26,North,Apparel,7,3669,25683
ORD00325,2024-12-24,West,Apparel,11,2804,30844
ORD00326,2024-11-24,South,Apparel,8,2710,21680
ORD00327,2024-08-09,East,Home & Kitchen,2,5138,10276
ORD00328,2024-08-02,South,Grocery,11,1441,15851
ORD00329,2024-03-21,East,Grocery,1,991,991
ORD00330,2024-11-14,West,Beauty,3,2412,7236
ORD00331,2024-12-01,East,Electronics,8,18409,147272
ORD00332,2024-02-24,North,Home & Kitchen,3,4484,13452
ORD00333,2024-04-12,East,Electronics,8,38351,306808
ORD00334,2024-10-04,South,Grocery,11,1049,11539
ORD00335,2024-07-08,East,Grocery,8,1497,11976
ORD00336,2024-04-17,South,Grocery,2,1052,2104
ORD00337,2024-11-10,East,Electronics,7,12482,87374
ORD00338,2024-07-23,North,Electronics,7,4771,33397
ORD00339,2024-11-17,East,Beauty,4,1038,4152
ORD00340,2024-06-04,West,Beauty,7,3405,23835
ORD00341,2024-08-24,South,Apparel,2,865,1730
ORD00342,2024-11-20,South,Grocery,12,1302,15624
ORD00343,2024-04-25,South,Home & Kitchen,7,5428,37996
ORD00344,2024-08-27,East,Beauty,8,2326,18608
ORD00345,2024-06-30,South,Home & Kitchen,11,5722,62942
ORD00346,2024-05-09,West,Apparel,12,2134,25608
ORD00347,2024-05-23,East,Apparel,6,2756,16536
ORD00348,2024-09-02,West,Grocery,2,1266,2532
ORD00349,2024-12-03,East,Apparel,7,3743,26201
ORD00350,2024-01-30,North,Beauty,3,3184,9552
ORD00351,2024-09-28,East,Beauty,1,200,200
ORD00352,2024-04-17,North,Home & Kitchen,2,2225,4450
ORD00353,2024-10-23,South,Apparel,8,1068,8544
ORD00354,2024-06-26,South,Apparel,9,3655,32895
ORD00355,2024-03-26,North,Beauty,5,2790,13950
ORD00356,2024-04-11,West,Apparel,12,2311,27732
ORD00357,2024-08-12,North,Beauty,7,547,3829
ORD00358,2024-04-29,South,Grocery,1,1011,1011
ORD00359,2024-09-04,West,Apparel,4,2922,11688
ORD00360,2024-09-12,South,Beauty,12,2159,25908
ORD00361,2024-01-04,South,Home & Kitchen,10,3903,39030
ORD00362,2024-09-11,East,Grocery,7,781,5467
ORD00363,2024-12-12,North,Apparel,11,2693,29623
ORD00364,2024-11-27,North,Electronics,11,28021,308231
ORD00365,2024-06-18,North,Beauty,3,1772,5316
ORD00366,2024-01-18,South,Grocery,6,1269,7614
ORD00367,2024-02-18,East,Home & Kitchen,9,3954,35586
ORD00368,2024-10-10,South,Home & Kitchen,7,3651,25557
ORD00369,2024-05-08,North,Home & Kitchen,8,2555,20440
ORD00370,2024-07-25,East,Beauty,9,3447,31023
ORD00371,2024-06-25,South,Grocery,6,1594,9564
ORD00372,2024-04-08,East,Home & Kitchen,11,1282,14102
ORD00373,2024-02-14,North,Grocery,7,1459,10213
ORD00374,2024-10-06,North,Grocery,1,636,636
ORD00375,2024-01-24,South,Grocery,11,1237,13607
ORD00376,2024-01-31,West,Beauty,11,643,7073
ORD00377,2024-12-22,North,Apparel,11,542,5962
ORD00378,2024-08-22,South,Electronics,1,30367,30367
ORD00379,2024-08-03,North,Electronics,3,17546,52638
ORD00380,2024-06-07,East,Home & Kitchen,1,1723,1723
ORD00381,2024-06-12,North,Grocery,10,1154,11540
ORD00382,2024-01-28,West,Beauty,2,1899,3798
ORD00383,2024-08-03,West,Grocery,11,181,1991
ORD00384,2024-07-17,South,Grocery,9,1551,13959
ORD00385,2024-02-22,North,Grocery,3,464,1392
ORD00386,2024-11-16,North,Grocery,11,59,649
ORD00387,2024-12-08,North,Electronics,2,10994,21988
ORD00388,2024-03-07,West,Electronics,10,13482,134820
ORD00389,2024-05-04,West,Apparel,6,3722,22332
ORD00390,2024-12-21,South,Electronics,9,14252,128268
ORD00391,2024-12-29,West,Grocery,5,1356,6780
ORD00392,2024-01-27,North,Electronics,11,4134,45474
ORD00393,2024-12-17,North,Grocery,12,657,7884
ORD00394,2024-11-03,South,Grocery,6,1237,7422
ORD00395,2024-07-07,West,Grocery,3,1370,4110
ORD00396,2024-02-29,East,Apparel,7,2667,18669
ORD00397,2024-09-01,West,Grocery,10,1893,18930
ORD00398,2024-06-19,East,Home & Kitchen,11,767,8437
ORD00399,2024-12-26,East,Beauty,1,2581,2581
ORD00400,2024-03-18,East,Beauty,4,1586,6344
ORD00401,2024-07-11,West,Grocery,4,1223,4892
ORD00402,2024-08-19,East,Electronics,5,15486,77430
ORD00403,2024-08-04,South,Beauty,1,3234,3234
ORD00404,2024-05-27,South,Beauty,9,642,5778
ORD00405,2024-12-16,West,Home & Kitchen,9,4416,39744
ORD00406,2024-10-10,West,Grocery,12,441,5292
ORD00407,2024-04-29,East,Beauty,7,343,2401
ORD00408,2024-08-26,South,Home & Kitchen,1,4815,4815
ORD00409,2024-07-16,West,Beauty,6,444,2664
ORD00410,2024-02-02,South,Grocery,5,1180,5900
ORD00411,2024-09-24,East,Grocery,4,1037,4148
ORD00412,2024-04-06,South,Apparel,12,732,8784
ORD00413,2024-05-28,East,Beauty,7,2041,14287
ORD00414,2024-09-21,South,Apparel,8,561,4488
ORD00415,2024-07-10,North,Home & Kitchen,2,5172,10344
ORD00416,2024-03-20,East,Beauty,5,252,1260
ORD00417,2024-09-22,North,Electronics,10,2961,29610
ORD00418,2024-09-05,South,Home & Kitchen,5,7426,37130
ORD00419,2024-08-06,North,Grocery,10,1546,15460
ORD00420,2024-03-08,East,Electronics,3,16240,48720
ORD00421,2024-07-12,North,Electronics,9,3718,33462
ORD00422,2024-07-08,West,Grocery,2,1897,3794
ORD00423,2024-11-02,West,Electronics,2,32227,64454
ORD00424,2024-05-11,East,Beauty,2,931,1862
ORD00425,2024-12-08,West,Apparel,3,2014,6042
ORD00426,2024-07-08,South,Apparel,5,1020,5100
ORD00427,2024-06-29,North,Beauty,1,3180,3180
ORD00428,2024-05-12,West,Electronics,6,5896,35376
ORD00429,2024-01-03,South,Home & Kitchen,8,4841,38728
ORD00430,2024-11-30,North,Grocery,5,682,3410
ORD00431,2024-07-18,North,Home & Kitchen,3,4006,12018
ORD00432,2024-08-13,South,Apparel,1,3691,3691
ORD00433,2024-08-27,South,Electronics,4,8328,33312
ORD00434,2024-02-09,East,Apparel,2,3202,6404
ORD00435,2024-07-16,North,Electronics,6,21177,127062
ORD00436,2024-06-14,South,Grocery,6,275,1650
ORD00437,2024-03-14,East,Apparel,3,3050,9150
ORD00438,2024-08-19,South,Grocery,5,1748,8740
ORD00439,2024-08-02,West,Apparel,5,960,4800
ORD00440,2024-10-19,East,Home & Kitchen,5,6492,32460
ORD00441,2024-09-08,North,Home & Kitchen,8,3813,30504
ORD00442,2024-02-28,South,Beauty,11,340,3740
ORD00443,2024-04-18,West,Home & Kitchen,4,1218,4872
ORD00444,2024-07-05,West,Home & Kitchen,4,7985,31940
ORD00445,2024-02-19,West,Home & Kitchen,3,3500,10500
ORD00446,2024-01-30,East,Apparel,1,3923,3923
ORD00447,2024-08-14,East,Beauty,1,619,619
ORD00448,2024-09-26,East,Apparel,1,1696,1696
ORD00449,2024-07-28,South,Home & Kitchen,3,4699,14097
ORD00450,2024-04-02,South,Apparel,2,1108,2216
ORD00451,2024-02-14,West,Home & Kitchen,3,1650,4950
ORD00452,2024-11-09,South,Beauty,1,1182,1182
ORD00453,2024-02-03,West,Electronics,6,24053,144318
ORD00454,2024-06-20,East,Grocery,7,226,1582
ORD00455,2024-09-01,South,Home & Kitchen,10,2212,22120
ORD00456,2024-07-06,North,Apparel,10,2928,29280
ORD00457,2024-10-31,North,Home & Kitchen,8,4303,34424
ORD00458,2024-09-21,North,Electronics,4,17017,68068
ORD00459,2024-06-13,West,Beauty,1,2667,2667
ORD00460,2024-05-29,North,Grocery,1,921,921
ORD00461,2024-09-28,South,Electronics,2,12094,24188
ORD00462,2024-04-24,South,Apparel,5,770,3850
ORD00463,2024-10-11,North,Electronics,12,5697,68364
ORD00464,2024-04-09,East,Electronics,11,37924,417164
ORD00465,2024-10-22,West,Beauty,8,949,7592
ORD00466,2024-02-22,East,Electronics,1,32694,32694
ORD00467,2024-05-19,North,Grocery,9,1013,9117
ORD00468,2024-05-23,North,Electronics,3,6787,20361
ORD00469,2024-10-04,South,Apparel,10,930,9300
ORD00470,2024-08-24,West,Apparel,1,3813,3813
ORD00471,2024-11-21,West,Grocery,10,1214,12140
ORD00472,2024-09-26,North,Grocery,1,1942,1942
ORD00473,2024-07-04,East,Grocery,6,519,3114
ORD00474,2024-08-11,East,Grocery,1,1703,1703
ORD00475,2024-06-15,South,Home & Kitchen,7,2219,15533
ORD00476,2024-12-05,North,Home & Kitchen,3,1139,3417
ORD00477,2024-02-05,East,Grocery,11,442,4862
ORD00478,2024-01-11,South,Apparel,7,1915,13405
ORD00479,2024-08-20,North,Electronics,11,2995,32945
ORD00480,2024-11-13,East,Beauty,9,1066,9594
ORD00481,2024-01-19,North,Home & Kitchen,1,1237,1237
ORD00482,2024-08-10,South,Electronics,5,14007,70035
ORD00483,2024-06-26,South,Electronics,9,4125,37125
ORD00484,2024-05-17,North,Grocery,3,1201,3603
ORD00485,2024-08-13,North,Beauty,5,590,2950
ORD00486,2024-07-27,East,Home & Kitchen,2,2174,4348
ORD00487,2024-10-06,East,Grocery,10,1239,12390
ORD00488,2024-04-23,West,Apparel,6,2375,14250
ORD00489,2024-08-23,East,Beauty,5,1751,8755
ORD00490,2024-01-16,South,Home & Kitchen,9,2006,18054
ORD00491,2024-10-06,West,Beauty,6,1478,8868
ORD00492,2024-03-24,South,Home & Kitchen,8,4586,36688
ORD00493,2024-05-18,East,Apparel,1,1464,1464
ORD00494,2024-03-22,North,Beauty,8,3069,24552
ORD00495,2024-12-02,North,Beauty,8,1449,11592
ORD00496,2024-06-30,North,Beauty,11,904,9944
ORD00497,2024-03-20,West,Home & Kitchen,3,5445,16335
ORD00498,2024-12-11,South,Beauty,5,2196,10980
ORD00499,2024-09-22,North,Grocery,11,574,6314
ORD00500,2024-12-28,South,Grocery,1,1748,1748
ORD00501,2024-07-29,North,Grocery,10,825,8250
ORD00502,2024-03-17,West,Home & Kitchen,10,7020,70200
ORD00503,2024-02-26,West,Grocery,5,1401,7005
ORD00504,2024-06-29,East,Home & Kitchen,9,3308,29772
ORD00505,2024-10-31,West,Home & Kitchen,12,352,4224
ORD00506,2024-09-12,West,Grocery,9,635,5715
ORD00507,2024-06-04,South,Grocery,10,1172,11720
ORD00508,2024-04-28,North,Home & Kitchen,10,2794,27940
ORD00509,2024-05-04,East,Apparel,1,3900,3900
ORD00510,2024-01-14,North,Home & Kitchen,8,4650,37200
ORD00511,2024-06-02,East,Beauty,7,2227,15589
ORD00512,2024-09-21,West,Grocery,1,955,955
ORD00513,2024-10-31,East,Grocery,11,1898,20878
ORD00514,2024-02-04,South,Electronics,9,19314,173826
ORD00515,2024-07-24,South,Apparel,8,3872,30976
ORD00516,2024-07-24,West,Beauty,10,3162,31620
ORD00517,2024-06-24,North,Apparel,6,1706,10236
ORD00518,2024-02-08,East,Beauty,11,738,8118
ORD00519,2024-05-30,East,Beauty,7,3125,21875
ORD00520,2024-11-19,South,Beauty,9,1121,10089
ORD00521,2024-04-16,South,Grocery,11,406,4466
ORD00522,2024-10-16,North,Home & Kitchen,11,4688,51568
ORD00523,2024-11-21,North,Grocery,1,71,71
ORD00524,2024-06-06,North,Home & Kitchen,2,3361,6722
ORD00525,2024-10-27,North,Electronics,8,10054,80432
ORD00526,2024-10-10,East,Beauty,3,1873,5619
ORD00527,2024-10-21,South,Grocery,3,1223,3669
ORD00528,2024-03-21,North,Electronics,3,5855,17565
ORD00529,2024-09-24,West,Grocery,1,1245,1245
ORD00530,2024-11-28,North,Beauty,12,1231,14772
ORD00531,2024-05-01,East,Home & Kitchen,5,1604,8020
ORD00532,2024-11-17,North,Beauty,4,361,1444
ORD00533,2024-08-18,West,Electronics,7,3879,27153
ORD00534,2024-10-25,North,Grocery,4,156,624
ORD00535,2024-05-07,South,Electronics,10,8434,84340
ORD00536,2024-03-29,East,Electronics,8,40601,324808
ORD00537,2024-06-04,West,Beauty,8,994,7952
ORD00538,2024-02-04,South,Grocery,10,1366,13660
ORD00539,2024-04-23,West,Home & Kitchen,12,3369,40428
ORD00540,2024-09-05,North,Apparel,3,715,2145
ORD00541,2024-07-02,West,Apparel,5,427,2135
ORD00542,2024-07-21,East,Electronics,7,16073,112511
ORD00543,2024-06-20,West,Electronics,7,43313,303191
ORD00544,2024-06-28,South,Grocery,5,423,2115
ORD00545,2024-06-25,South,Grocery,11,118,1298
ORD00546,2024-01-13,East,Apparel,3,1270,3810
ORD00547,2024-02-17,South,Home & Kitchen,3,4495,13485
ORD00548,2024-10-11,West,Grocery,4,1681,6724
ORD00549,2024-03-22,East,Home & Kitchen,7,1967,13769
ORD00550,2024-07-11,South,Home & Kitchen,9,7622,68598
ORD00551,2024-04-14,South,Grocery,12,1367,16404
ORD00552,2024-05-13,West,Beauty,9,3466,31194
ORD00553,2024-05-06,West,Beauty,3,1859,5577
ORD00554,2024-03-03,North,Beauty,12,3004,36048
ORD00555,2024-07-16,North,Beauty,1,636,636
ORD00556,2024-07-18,North,Apparel,4,3194,12776
ORD00557,2024-06-13,South,Electronics,6,4462,26772
ORD00558,2024-09-13,East,Apparel,5,637,3185
ORD00559,2024-02-15,South,Home & Kitchen,12,1271,15252
ORD00560,2024-07-23,East,Home & Kitchen,8,3406,27248
ORD00561,2024-11-17,South,Home & Kitchen,6,1658,9948
ORD00562,2024-12-13,East,Grocery,12,99,1188
ORD00563,2024-12-24,West,Apparel,7,4000,28000
ORD00564,2024-06-29,North,Apparel,5,1449,7245
ORD00565,2024-11-07,South,Electronics,10,19103,191030
ORD00566,2024-03-23,West,Apparel,3,3125,9375
ORD00567,2024-07-13,North,Beauty,11,1192,13112
ORD00568,2024-04-01,South,Beauty,9,1818,16362
ORD00569,2024-05-10,West,Beauty,1,1319,1319
ORD00570,2024-02-27,East,Electronics,10,39567,395670
ORD00571,2024-11-06,North,Apparel,1,2852,2852
ORD00572,2024-06-12,South,Home & Kitchen,2,6071,12142
ORD00573,2024-08-01,West,Beauty,5,2926,14630
ORD00574,2024-09-26,North,Home & Kitchen,7,7587,53109
ORD00575,2024-08-14,East,Beauty,11,2624,28864
ORD00576,2024-11-16,West,Beauty,12,332,3984
ORD00577,2024-04-15,West,Beauty,3,2986,8958
ORD00578,2024-09-07,South,Electronics,9,42925,386325
ORD00579,2024-05-13,South,Beauty,11,698,7678
ORD00580,2024-04-30,East,Apparel,3,3869,11607
ORD00581,2024-07-02,East,Grocery,11,230,2530
ORD00582,2024-06-08,South,Apparel,8,2870,22960
ORD00583,2024-12-09,West,Apparel,1,2940,2940
ORD00584,2024-09-20,West,Apparel,6,3769,22614
ORD00585,2024-12-23,East,Apparel,3,3585,10755
ORD00586,2024-10-27,South,Home & Kitchen,2,5146,10292
ORD00587,2024-10-07,West,Apparel,3,2837,8511
ORD00588,2024-11-02,West,Grocery,2,1671,3342
ORD00589,2024-12-19,East,Electronics,4,17181,68724
ORD00590,2024-01-23,North,Home & Kitchen,2,2640,5280
ORD00591,2024-12-25,East,Grocery,3,1928,5784
ORD00592,2024-06-15,West,Grocery,5,1160,5800
ORD00593,2024-03-27,North,Electronics,8,1970,15760
ORD00594,2024-02-12,East,Beauty,11,1036,11396
ORD00595,2024-09-07,West,Grocery,9,420,3780
ORD00596,2024-06-13,North,Home & Kitchen,11,7381,81191
ORD00597,2024-05-26,East,Apparel,12,681,8172
ORD00598,2024-01-15,North,Grocery,5,1687,8435
ORD00599,2024-07-07,South,Beauty,11,2983,32813
ORD00600,2024-03-27,North,Home & Kitchen,6,6016,36096
